<?xml version="1.0" encoding="UTF-8"?>
<project-private xmlns="http://www.netbeans.org/ns/project-private/1">
    <editor-bookmarks xmlns="http://www.netbeans.org/ns/editor-bookmarks/2" lastBookmarkId="0"/>
    <open-files xmlns="http://www.netbeans.org/ns/projectui-open-files/2">
        <group>
            <file>file:/C:/Users/Admin/Documents/NetBeansProjects/vel/web/last.jsp</file>
            <file>file:/C:/Users/Admin/Documents/NetBeansProjects/vel/web/index.html</file>
            <file>file:/C:/Users/Admin/Documents/NetBeansProjects/vel/web/registration.jsp</file>
            <file>file:/C:/Users/Admin/Documents/NetBeansProjects/vel/web/result.jsp</file>
            <file>file:/C:/Users/Admin/Documents/NetBeansProjects/vel/src/java/registration.java</file>
            <file>file:/C:/Users/Admin/Documents/NetBeansProjects/vel/web/new.jsp</file>
            <file>file:/C:/Users/Admin/Documents/NetBeansProjects/vel/web/login.jsp</file>
            <file>file:/C:/Users/Admin/Documents/NetBeansProjects/vel/web/js/main.js</file>
            <file>file:/C:/Users/Admin/Documents/NetBeansProjects/vel/web/mark.jsp</file>
        </group>
    </open-files>
</project-private>
